Month,Manhattan,NYC,Percentage
JANUARY,8348,51464,16.22104772267993
FEBRUARY,7949,47042,16.897665915564815
OCTOBER,6854,39504,17.350141757796678
MAY,7311,39309,18.598794169274214
AUGUST,6551,38648,16.95042434278617
JULY,6897,38619,17.859084906393228
JUNE,6684,38231,17.483194266433
DECEMBER,6306,38069,16.56465890882345
SEPTEMBER,6383,37995,16.79957889195947
NOVEMBER,6383,37329,17.0993061694661
MARCH,6875,36410,18.882175226586103
APRIL,7061,35112,20.1099339257234
